williamdk,7fe69287-30d9-3978-a578-794663360365
dizim,3e76415d-7cbc-337f-b026-b10e4ec50194
dshapt1n,d47407a9-2bb2-3f42-966e-eed976139ae7
leco100,6de85884-0153-3616-b7b1-4ec8e07bbe95
nerevarine,3870d2e5-2a72-38b2-a656-6139f08091b9
sergay_xmyruy,be41a722-bd18-33d0-8916-58eda8f16c57
egor13784,07fd5f6c-bdab-3fb7-8eb9-4acf3ba35776
r3dlake,9456348a-033f-3d56-8fb5-8cd99fbe9a8c
morfial,4f359f28-6b90-3664-92ad-bd3c7abc676f
andi_belo_,467234e1-6ff7-37d2-abaa-710d9ecd8ed6
ladderlevel,5a16af6d-03f4-352d-8e1e-466487f10940
pauligg12,005f44e2-6fba-35b5-9ff1-3e48481f1344
sooper_vovan,93f6bb26-dae1-30ca-a63f-eef225d19fcf
sink,13de2037-794a-376e-b768-f3023e26adca
lagin,02c5a233-422a-36dd-8752-071cb69e5b0a
mr_f1omik,e9bd47b2-936c-3ad2-b85a-28168da29116
russianchemist,8d203fdf-62e2-3ef4-bb01-520512990f27
r33we3q,88fe11ee-dd14-3e61-b881-7d7852848957
cnnmnb,b39d44c7-de6a-3335-ad15-f1f8b7c5972f
iudmitriev,2e83c7ed-1ad7-3176-84ff-3b85c7ee1e13
kasperisquasar,60f0def6-fc30-3d7d-9e06-20b08ccf1ea1
wahuse,dad72040-006b-34ba-8a63-0052ba0fdd67
n4g1b4t0r228,63750247-3b03-3a39-9d8e-3ca938151e90
nothottryhard,2bd376aa-7b97-3d1d-bfec-d145042d4be8
_ragnaros_,d62eef60-0412-311e-8d2a-e08af0feb714
codeworse,a300c0e6-07b7-3e4a-bcf8-e13823d4db26
azhbertov,ec5c2225-697a-30b8-864f-8b024f8473dd
foks210,69b90053-52c3-3eb8-a9dd-da4e572a6ac8
lysaha,91df554f-af00-3001-a12e-bc351a4bad8e
